{"count":1,"self":3.4446779999999997,"total":3.7639679999999998,"children":{"AgentSendState":{"count":152,"self":0.027788,"total":0.044469999999999996,"children":{"CollectObservations":{"count":760,"self":0.0089439999999999988,"total":0.0089439999999999988,"children":null},"CollectDiscreteActionMasks":{"count":760,"self":0.0077379999999999992,"total":0.0077379999999999992,"children":null}}},"DecideAction":{"count":152,"self":0.219577,"total":0.267134,"children":{"RayPerceptionSensor.Perceive":{"count":760,"self":0.047556999999999995,"total":0.047556999999999995,"children":null}}},"AgentAct":{"count":152,"self":0.0064449999999999993,"total":0.0064449999999999993,"children":null}},"gauges":{},"metadata":{"timer_format_version":"0.1.0","start_time_seconds":"1602586991","unity_version":"2019.3.6f1","command_line_arguments":"\/Applications\/UnityInstalls\/2019.3.6f1\/Unity.app\/Contents\/MacOS\/Unity -projectpath \/Users\/nsergeev\/Developer\/unity\/GamesGraphicsResearch -useHub -hubIPC -cloudEnvironment production -hubSessionId 4207d650-0d40-11eb-8768-09bfff67b0c2","communication_protocol_version":"1.0.0","com.unity.ml-agents_version":"1.0.3","scene_name":"FloorVisualisation","end_time_seconds":"1602586994"}}